iteration,loss,training_acc,test_acc
0,1.1288403305275905,0.28125,0.25
1,1.1306386850102979,0.25,0.25
2,1.1581997569929552,0.25,0.25
3,1.1461710518248376,0.265625,0.25
4,1.129363848884368,0.265625,0.25
5,1.0595507042799137,0.421875,0.375
6,1.0225790060391922,0.5,0.5
7,1.0272825830739454,0.5,0.5
8,0.9536854556307899,0.625,0.625
9,0.9557851265240318,0.625,0.625
10,0.955518916201854,0.625,0.625
11,1.0430908515184734,0.375,0.375
12,1.046151842095572,0.359375,0.375
13,0.9548326180519462,0.625,0.625
14,0.9508569447042653,0.609375,0.5625
15,0.9732041543136891,0.5,0.5
16,0.9419595533491278,0.625,0.625
17,1.066447918212801,0.265625,0.25
18,1.0767735178437545,0.265625,0.25
19,0.9558205938316819,0.5625,0.5625
20,0.979166217233888,0.5,0.5
21,0.9375666246118349,0.625,0.625
22,0.9491343945677067,0.609375,0.5625
23,0.9537251750644975,0.484375,0.625
24,0.9556934194241858,0.53125,0.5625
25,0.9435455486439643,0.625,0.625
26,0.9267823617501983,0.671875,0.625
27,0.9309403349757466,0.5625,0.625
28,0.9391736163921522,0.65625,0.625
29,0.9272375808882971,0.625,0.625
30,0.9667256637121383,0.703125,0.5625
31,0.9236517097004281,0.75,0.6875
32,1.0104019380191849,0.59375,0.5625
33,1.0111080946821627,0.625,0.625
34,0.923221836217333,0.65625,0.625
35,0.9378807802214613,0.6875,0.625
36,0.9151647975617827,0.640625,0.625
37,0.9151647975617827,0.640625,0.625
38,0.9665458193628267,0.625,0.625
39,0.9307669957860343,0.65625,0.5625
40,0.9151647975617827,0.640625,0.625
41,0.9665458193628267,0.625,0.625
42,0.9307669957860343,0.65625,0.5625
43,0.9151647975617827,0.640625,0.625
44,0.8895376608053046,0.625,0.625
45,0.878801328943903,0.625,0.625
46,0.878801328943903,0.625,0.625
47,0.8932559377278904,0.625,0.625
48,0.8812670994661961,0.625,0.625
49,0.878801328943903,0.625,0.625
50,0.8981675329886303,0.625,0.625
51,0.9125487814864718,0.625,0.625
52,0.878801328943903,0.625,0.625
53,0.8920903045547217,0.625,0.625
54,0.8755745992013442,0.625,0.625
55,0.8755745992013441,0.625,0.625
56,0.881984055840302,0.625,0.625
57,0.8729032682086089,0.625,0.625
58,0.8729032682086089,0.625,0.625
59,0.9160387860341512,0.640625,0.625
60,0.9827739239795212,0.625,0.625
61,0.8729032682086089,0.625,0.625
62,0.9176540861005194,0.796875,0.8125
63,0.9186363792711265,0.625,0.625
64,0.8823360901253285,0.625,0.625
65,0.8723005152794916,0.625,0.625
66,0.8537361567519413,0.75,0.75
67,0.8361260279164391,0.75,0.75
68,0.9444437436640226,0.59375,0.6875
69,0.8361874496030677,0.75,0.75
70,0.8709546800544277,0.625,0.625
71,0.838170051689734,0.75,0.75
72,0.880955125922187,0.625,0.625
73,0.8351541082024294,0.75,0.75
74,0.8252276692812657,0.625,0.625
75,0.8396512190123094,0.625,0.625
76,0.8627820860182565,0.625,0.5625
77,0.8249751255570446,0.640625,0.625
78,0.8795246448977452,0.640625,0.5
79,0.8258673715789742,0.625,0.625
80,0.8112991240035725,0.625,0.625
81,0.8089744883144223,0.625,0.625
82,0.8061644338619856,0.625,0.625
83,0.8029275800910725,0.625,0.625
84,0.8002800121692283,0.625,0.625
85,0.8024133310542734,0.625,0.625
86,0.7740086167926464,0.75,0.75
87,0.7676354709373359,0.75,0.75
88,0.7686922290650349,0.75,0.75
89,0.7674636588030048,0.75,0.75
90,0.8700642075939493,0.625,0.625
91,0.7759952141952999,0.75,0.75
92,0.7691949430142635,0.75,0.75
93,0.7891048330868954,0.75,0.75
94,0.8331798979782726,0.75,0.75
95,0.8881047923300021,0.625,0.625
96,0.9168550946056129,0.625,0.625
97,0.769379070369319,0.75,0.75
98,0.8332058546861184,0.734375,0.75
99,0.7850757444822316,0.75,0.75
100,0.761615870417049,0.75,0.75
101,0.8055885331450117,0.75,0.75
102,0.7984508428412779,0.75,0.75
103,0.7950454408330122,0.75,0.75
104,0.7987083276109075,0.640625,0.625
105,0.7616158704170491,0.75,0.75
106,0.773798853977193,0.75,0.75
107,0.761615870417049,0.75,0.75
108,0.787371415399372,0.75,0.75
109,0.7737278882464869,0.75,0.75
110,0.8159849519831931,0.75,0.75
111,0.8129346496123262,0.75,0.75
112,0.7481214934315552,0.75,0.75
113,0.7722870903779308,0.75,0.75
114,0.7559622739960034,0.75,0.75
115,0.7481214934315552,0.75,0.75
116,0.8076191453561372,0.75,0.75
117,0.7481214934315552,0.75,0.75
118,0.7668207210253044,0.75,0.75
119,0.7481214934315549,0.75,0.75
120,0.7667918079572801,0.75,0.75
121,0.7992687804393237,0.75,0.75
122,0.749157847944866,0.75,0.75
123,0.7637335950975576,0.75,0.75
124,0.7884763259322697,0.75,0.75
125,0.7873270803807788,0.75,0.75
126,0.8329969851280025,0.75,0.75
127,0.7640178689925059,0.75,0.75
128,0.7634224517775409,0.75,0.75
129,0.7481214934315548,0.75,0.75
130,0.7705539855742969,0.75,0.75
131,0.7481214934315549,0.75,0.75
132,0.8426104523993285,0.75,0.75
133,0.7479054589255794,0.75,0.75
134,0.7099851449424074,0.75,0.75
135,0.7124085337968956,0.75,0.75
136,0.7668425140510231,0.75,0.6875
137,0.7097826343541831,0.75,0.75
138,0.8097746093971496,0.71875,0.6875
139,0.6939917902252442,0.75,0.75
140,0.7540718652714518,0.75,0.75
141,0.6934174576823267,0.75,0.75
142,0.7499936408565346,0.75,0.75
143,0.6938051160510313,0.75,0.75
144,0.7108324945745627,0.75,0.75
145,0.6906260077990836,0.75,0.75
146,0.7152329752280693,0.75,0.75
147,0.6901288293441719,0.75,0.75
148,0.6971151465942973,0.75,0.75
149,0.6986323500131815,0.75,0.75
150,0.7320013068809428,0.75,0.75
151,0.6928379168446701,0.75,0.75
152,0.8356519090491534,0.625,0.625
153,0.7387153800404287,0.75,0.75
154,0.7304628658067399,0.640625,0.625
155,0.7019140337633616,0.75,0.75
156,0.7837017550108607,0.75,0.75
157,0.696338837439926,0.75,0.75
158,0.901521245334062,0.625,0.625
159,0.686818945764636,0.75,0.75
160,0.7429456743510919,0.75,0.75
161,0.690871682635224,0.75,0.75
162,0.7225005017207309,0.75,0.75
163,0.6951762837798848,0.75,0.75
164,0.7452509212373692,0.75,0.75
165,0.6957435049950396,0.75,0.75
166,0.7125452717779055,0.625,0.625
167,0.6886107171577338,0.75,0.75
168,0.7206773059840039,0.75,0.75
169,0.6907896560956086,0.75,0.75
170,0.7637726451312037,0.75,0.75
171,0.7306006232963437,0.75,0.75
172,0.7238004700251706,0.75,0.75
173,0.7054341461037572,0.75,0.75
174,0.7554187451690836,0.75,0.75
175,0.686818945764636,0.75,0.75
176,0.7123764897176701,0.75,0.75
177,0.6868189457646359,0.75,0.75
178,0.7173535227404173,0.75,0.75
179,0.6753862671890664,0.75,0.75
180,0.7260196294503207,0.75,0.75
181,0.7283135165829213,0.75,0.75
182,0.710782118833738,0.75,0.75
183,0.6835042271810714,0.75,0.75
184,0.7267313533343347,0.75,0.75
185,0.6834371648987291,0.75,0.75
186,0.7349848178464808,0.75,0.75
187,0.6785548784089738,0.75,0.75
188,0.6817377816786664,0.75,0.75
189,0.7029670231340934,0.75,0.75
190,0.7101250418043301,0.75,0.75
191,0.7189620199367692,0.75,0.75
192,0.6753862671890665,0.75,0.75
193,0.7039729483541248,0.765625,0.75
194,0.6753862671890662,0.75,0.75
195,0.6906994070616543,0.75,0.75
196,0.6753862671890662,0.75,0.75
197,0.663056099004634,0.75,0.75
198,0.663056099004634,0.75,0.75
199,0.6856354078684642,0.75,0.75
200,0.6628123534090927,0.75,0.75
201,0.7054188502762848,0.75,0.75
202,0.6627686180633017,0.75,0.75
203,0.7006814323537869,0.765625,0.8125
204,0.6602142862539606,0.75,0.75
205,0.6725345928687874,0.75,0.75
206,0.6627316970454806,0.75,0.75
207,0.6598747047005379,0.75,0.75
208,0.6598657304534881,0.75,0.75
209,0.7390789235002786,0.625,0.625
210,0.6721499109449578,0.75,0.75
211,0.6595815133549487,0.75,0.75
212,0.6614875381601,0.75,0.75
213,0.6733760169487548,0.75,0.75
214,0.6518512724934273,0.765625,0.8125
215,0.6691192970593218,0.6875,0.6875
216,0.6532513029609712,0.75,0.75
217,0.6513341658972196,0.75,0.75
218,0.6367968916949303,0.75,0.75
219,0.655623230375951,0.734375,0.6875
220,0.6355753025134363,0.75,0.75
221,0.6526715439046924,0.75,0.75
222,0.6418527926861785,0.75,0.75
223,0.6517991835461827,0.75,0.75
224,0.6340458704223211,0.765625,0.75
225,0.6466028662650056,0.75,0.75
226,0.6340045052689721,0.75,0.75
227,0.6444453117695319,0.734375,0.75
228,0.642967137469911,0.6875,0.8125
229,0.660305352809164,0.75,0.75
230,0.6270609835117171,0.75,0.75
231,0.6313701920286005,0.65625,0.75
232,0.6225291431814417,0.75,0.75
233,0.6258640861765002,0.75,0.75
234,0.6215073124263062,0.734375,0.75
235,0.6269908087259599,0.75,0.75
236,0.6321887703808228,0.75,0.75
237,0.6289768828445542,0.671875,0.75
238,0.6236466980071566,0.75,0.75
239,0.6232615324683676,0.75,0.8125
240,0.6237009578697899,0.75,0.75
241,0.6587906971443738,0.71875,0.6875
242,0.6199427843965674,0.71875,0.75
243,0.6351354056587486,0.734375,0.625
244,0.6169810020535968,0.75,0.75
245,0.6282142608445724,0.734375,0.75
246,0.6170584262587819,0.75,0.75
247,0.6177507906068516,0.75,0.75
248,0.6169810020535971,0.75,0.75
249,0.6238680454995948,0.75,0.75
250,0.624834963776295,0.75,0.75
251,0.6201482589283126,0.75,0.75
252,0.6238774507769695,0.75,0.75
253,0.6378348280483154,0.75,0.75
254,0.6154476098640864,0.75,0.75
255,0.6148499759083899,0.703125,0.6875
256,0.5902347267272596,0.703125,0.75
257,0.5924399724095761,0.75,0.75
258,0.5902347267272596,0.703125,0.75
259,0.6060997398456283,0.734375,0.75
260,0.5902347267272593,0.703125,0.75
261,0.6047021263683316,0.75,0.75
262,0.5902347267272594,0.703125,0.75
263,0.6257846486943464,0.75,0.75
264,0.6127739919529123,0.75,0.75
265,0.6042413317519251,0.734375,0.75
266,0.5902347267272594,0.703125,0.75
267,0.5870106138814501,0.734375,0.75
268,0.5867942044759564,0.71875,0.75
269,0.6337640973429818,0.75,0.75
270,0.589324578365338,0.734375,0.8125
271,0.5968067354323294,0.765625,0.75
272,0.58986641053449,0.734375,0.8125
273,0.6068121934327085,0.765625,0.8125
274,0.5917209644223049,0.734375,0.8125
275,0.5945476114201957,0.75,0.8125
276,0.5863853231706884,0.734375,0.75
277,0.6075783464200817,0.75,0.75
278,0.5865370689705215,0.71875,0.75
279,0.6031715227805933,0.75,0.75
280,0.5869166432409922,0.734375,0.75
281,0.6294246514882939,0.734375,0.75
282,0.5847139263910266,0.75,0.75
283,0.5959262788658902,0.75,0.75
284,0.5914349863266251,0.75,0.75
285,0.6021389807874473,0.75,0.75
286,0.5897961592638621,0.734375,0.8125
287,0.5729988573344886,0.75,0.75
288,0.5777953664111282,0.75,0.75
289,0.6103371911038966,0.75,0.75
290,0.5692993045272001,0.75,0.75
291,0.5771625617979328,0.75,0.75
292,0.5674498811050259,0.75,0.75
293,0.577420474785068,0.75,0.75
294,0.5725617399811739,0.6875,0.875
295,0.5806562380859066,0.765625,0.8125
296,0.5676500252364525,0.75,0.75
297,0.5588480663088321,0.75,0.75
298,0.5558236572521198,0.75,0.75
299,0.5548050267034116,0.75,0.75
300,0.5591643826557261,0.75,0.75
301,0.559667232406764,0.75,0.75
302,0.5538180642153383,0.75,0.75
303,0.5776547875683595,0.75,0.75
304,0.5620727131307444,0.75,0.75
305,0.5482636803016729,0.75,0.75
306,0.5590616024445352,0.75,0.75
307,0.5611579587256852,0.75,0.75
308,0.5521980366145558,0.75,0.75
309,0.5771106081335945,0.75,0.75
310,0.5477779685961588,0.75,0.75
311,0.5564752455201374,0.75,0.75
312,0.5456975575406051,0.75,0.75
313,0.5543379626862905,0.75,0.75
314,0.5451538843609041,0.75,0.75
315,0.5616583204151653,0.75,0.75
316,0.5467831306299545,0.75,0.75
317,0.556428726068861,0.75,0.75
318,0.5451538843609041,0.75,0.75
319,0.55084760995377,0.75,0.75
320,0.5526545728454997,0.75,0.75
321,0.5515885184517785,0.71875,0.8125
322,0.5422493017893912,0.75,0.75
323,0.5488339710350393,0.734375,0.75
324,0.5455443964855823,0.75,0.75
325,0.590360109089489,0.75,0.75
326,0.5422493017893911,0.75,0.75
327,0.5708959719831666,0.75,0.75
328,0.5422493017893908,0.75,0.75
329,0.5479869245613702,0.75,0.75
330,0.5422493017893908,0.75,0.75
331,0.5587223836579275,0.75,0.75
332,0.5422493017893908,0.75,0.75
333,0.5488477966790243,0.75,0.75
334,0.5432331778743589,0.75,0.75
335,0.5507999348580532,0.671875,0.75
336,0.5363759380792308,0.75,0.75
337,0.5438840837545496,0.75,0.75
338,0.5419227126279766,0.734375,0.75
339,0.5324158284921463,0.734375,0.75
340,0.5361211439315688,0.75,0.75
341,0.5500932304592611,0.75,0.75
342,0.5371013193611903,0.75,0.75
343,0.5376692135839288,0.703125,0.75
344,0.5321067032960459,0.734375,0.75
345,0.5469158832957824,0.75,0.75
346,0.5323672297855108,0.734375,0.75
347,0.5442034973788492,0.6875,0.8125
348,0.5320320475560124,0.734375,0.75
349,0.539245480894467,0.6875,0.75
350,0.5368719638885612,0.75,0.75
351,0.5436340632818397,0.734375,0.75
352,0.5331540845347613,0.734375,0.75
353,0.5414972976844246,0.75,0.75
354,0.544079794724685,0.6875,0.75
355,0.5433655209827731,0.734375,0.75
356,0.5333043021272954,0.6875,0.75
357,0.5489967987949257,0.6875,0.6875
358,0.5309320273720317,0.6875,0.75
359,0.5382775474524238,0.75,0.75
360,0.5309083861839001,0.6875,0.8125
361,0.5394449332116307,0.71875,0.6875
362,0.5317271652104854,0.6875,0.75
363,0.5304270631303193,0.703125,0.75
364,0.5357889847746973,0.71875,0.75
365,0.553262175278533,0.75,0.75
366,0.5333571878318207,0.734375,0.75
367,0.5398168708703477,0.75,0.8125
368,0.533580624771849,0.734375,0.75
369,0.5342405402436745,0.75,0.8125
370,0.5325271957379718,0.65625,0.6875
371,0.5345120666755245,0.734375,0.8125
372,0.5331299238098497,0.75,0.75
373,0.5325253860718895,0.75,0.75
374,0.537111806070754,0.75,0.8125
375,0.5391883883661788,0.734375,0.75
376,0.5329905933197453,0.703125,0.6875
377,0.5422794979798687,0.75,0.75
378,0.538637217206654,0.75,0.75
379,0.5358523566929447,0.75,0.75
380,0.5351355890053215,0.734375,0.75
381,0.5543346901446616,0.703125,0.6875
382,0.5306737073863061,0.703125,0.6875
383,0.5427364236535603,0.75,0.75
384,0.5328817070585468,0.734375,0.75
385,0.5448917666885982,0.734375,0.75
386,0.5325336599076924,0.75,0.75
387,0.5336755719527867,0.71875,0.75
388,0.5319064951548171,0.75,0.8125
389,0.5364588218517139,0.75,0.75
390,0.5353957940537957,0.75,0.75
391,0.5340391170604122,0.65625,0.8125
392,0.5274596756315578,0.703125,0.75
393,0.5390851072953452,0.734375,0.75
394,0.529560816018097,0.703125,0.75
395,0.5353260453321412,0.734375,0.75
396,0.5294368361822965,0.734375,0.75
397,0.5322085762947592,0.75,0.75
398,0.5280423540391493,0.75,0.75
399,0.5360955426970193,0.75,0.75
400,0.5270475357263543,0.703125,0.6875
401,0.5384919269993953,0.734375,0.75
402,0.5288232522516318,0.734375,0.75
403,0.5343811509413626,0.75,0.75
404,0.5283251123679169,0.71875,0.75
405,0.5370649878713765,0.75,0.75
406,0.5306860494064469,0.625,0.6875
407,0.5270475357263542,0.703125,0.6875
408,0.5286824864595361,0.6875,0.6875
409,0.5267918080155354,0.671875,0.75
410,0.5317835376570917,0.734375,0.75
411,0.5267918080155354,0.671875,0.75
412,0.5298471025610814,0.734375,0.75
413,0.5267038475534331,0.703125,0.8125
414,0.5268338130837588,0.71875,0.75
415,0.5270425987416246,0.734375,0.75
416,0.5248503605681243,0.71875,0.75
417,0.524343902673513,0.71875,0.75
418,0.5255150097602211,0.75,0.75
419,0.5249693813195089,0.765625,0.8125
420,0.5260883231157399,0.734375,0.75
421,0.5239045079808173,0.734375,0.75
422,0.5227441757957483,0.75,0.8125
423,0.5232958324048316,0.75,0.75
424,0.5288841618511009,0.71875,0.8125
425,0.5235878457060636,0.71875,0.75
426,0.5285858328992421,0.75,0.8125
427,0.5232352633401226,0.75,0.75
428,0.5246965598280899,0.75,0.75
429,0.5244264226047383,0.75,0.8125
430,0.5226273045792966,0.71875,0.75
431,0.5225785192048016,0.71875,0.75
432,0.5219504742045111,0.75,0.75
433,0.5240730255039816,0.75,0.75
434,0.5211167401185323,0.75,0.75
435,0.5214652397424269,0.75,0.75
436,0.5256099927781341,0.75,0.75
437,0.5221818013422855,0.75,0.75
438,0.5204659239401257,0.75,0.75
439,0.5239423143463485,0.75,0.8125
440,0.5188915965107775,0.75,0.75
441,0.5185423109014932,0.75,0.75
442,0.5201195385454866,0.75,0.75
443,0.5188288676433912,0.75,0.75
444,0.5247683330471186,0.75,0.75
445,0.5186190971645966,0.75,0.75
446,0.516466508508797,0.75,0.75
447,0.5151428994249353,0.703125,0.75
448,0.5155723672283754,0.734375,0.75
449,0.5165615291480158,0.6875,0.75
450,0.5187049614621753,0.75,0.75
451,0.5166357603033161,0.75,0.75
452,0.5201545418838914,0.75,0.75
453,0.5168579016560158,0.75,0.8125
454,0.5157090272585322,0.765625,0.8125
455,0.5161543613165764,0.734375,0.75
456,0.5174396779260149,0.75,0.8125
457,0.5151194225949796,0.6875,0.75
458,0.5164179775326538,0.671875,0.8125
459,0.5157049164227471,0.703125,0.75
460,0.51714208681312,0.75,0.8125
461,0.5148805418627846,0.734375,0.75
462,0.5205371564383774,0.75,0.75
463,0.5146671718974104,0.734375,0.6875
464,0.518780146145305,0.71875,0.75
465,0.5149797652986057,0.71875,0.75
466,0.5133330732919131,0.703125,0.75
467,0.5123147460686226,0.734375,0.6875
468,0.5131212370914611,0.71875,0.75
469,0.5128156045837166,0.734375,0.75
470,0.5123867415641822,0.75,0.75
471,0.5123673267901642,0.75,0.75
472,0.5139790946983275,0.71875,0.75
473,0.5121512788694931,0.734375,0.75
474,0.5132837644141078,0.75,0.75
475,0.5121512788694931,0.734375,0.75
476,0.5126809916270304,0.703125,0.75
477,0.512151278869493,0.734375,0.75
478,0.5126890289114363,0.703125,0.75
479,0.5127319579182688,0.703125,0.75
480,0.5120303043040113,0.75,0.75
481,0.5140078824521378,0.75,0.75
482,0.5135798406550613,0.75,0.75
483,0.5113641509789116,0.75,0.75
484,0.512358169616153,0.765625,0.75
485,0.5138775135203885,0.75,0.75
486,0.5115596138442621,0.75,0.75
487,0.5115173204891315,0.75,0.75
488,0.5124755623633754,0.765625,0.75
489,0.5112028018868577,0.765625,0.75
490,0.5127601298834474,0.71875,0.6875
491,0.5129413237163087,0.75,0.75
492,0.5101590259261167,0.734375,0.8125
493,0.5106112531907894,0.75,0.75
494,0.5102857734993828,0.734375,0.75
495,0.5101686619250365,0.734375,0.8125
496,0.5135350184306078,0.703125,0.6875
497,0.511710939789392,0.75,0.75
498,0.5111748805988725,0.6875,0.75
499,0.510565135752955,0.734375,0.75
500,0.5113156330934411,0.71875,0.75
501,0.5100514209080038,0.703125,0.6875
502,0.5111888306830947,0.75,0.75
503,0.5103958709201117,0.734375,0.75
504,0.5178788923729798,0.734375,0.75
505,0.5105422619167088,0.75,0.75
506,0.5102716084851178,0.75,0.75
507,0.5096186693962205,0.71875,0.75
508,0.5138482358354517,0.75,0.75
509,0.5099524477857107,0.703125,0.6875
510,0.5102547339515957,0.765625,0.75
511,0.5097023526084052,0.765625,0.8125
512,0.5097821187721597,0.75,0.6875
513,0.510005431284186,0.71875,0.6875
514,0.5117515498137465,0.75,0.8125
515,0.5121390263951845,0.765625,0.8125
516,0.5108832790496787,0.75,0.75
517,0.5092753591650232,0.734375,0.75
518,0.5096203662194312,0.765625,0.75
519,0.5102906488861334,0.75,0.75
520,0.511685200843599,0.75,0.75
521,0.5099404557824918,0.75,0.75
522,0.5096774508775407,0.71875,0.75
523,0.5108184206479589,0.75,0.75
524,0.5102883725883456,0.75,0.75
525,0.5094879988529846,0.703125,0.75
526,0.5113231855772827,0.75,0.8125
527,0.5100531408282791,0.75,0.75
528,0.5113811208149665,0.75,0.75
529,0.5095294508809769,0.75,0.75
530,0.5094158606828919,0.734375,0.625
531,0.5098836215565157,0.75,0.75
532,0.5103413687285677,0.75,0.75
533,0.5108822054726394,0.75,0.75
534,0.509386595046316,0.703125,0.75
535,0.5093454464441559,0.75,0.75
536,0.5110228825621251,0.75,0.75
537,0.5105470536423731,0.75,0.75
538,0.5104830509865061,0.75,0.75
539,0.5092108734543414,0.71875,0.75
540,0.5084897054236701,0.734375,0.75
541,0.5084595219694694,0.671875,0.75
542,0.5102656781383395,0.734375,0.75
543,0.5096894681621134,0.71875,0.75
544,0.5104751668327543,0.734375,0.625
545,0.5083857975045037,0.671875,0.6875
546,0.507760822075072,0.6875,0.6875
547,0.507760822075072,0.6875,0.6875
548,0.5080047975814544,0.703125,0.6875
549,0.5077608220750717,0.6875,0.6875
550,0.5071071573288268,0.75,0.75
551,0.5081262174196985,0.75,0.75
552,0.5091388630808542,0.71875,0.75
553,0.5074147780679074,0.765625,0.75
554,0.5116424081216877,0.75,0.75
555,0.5075900652599439,0.75,0.6875
556,0.5105365526175305,0.75,0.75
557,0.5072060795199417,0.75,0.75
558,0.5142111193451695,0.75,0.75
559,0.5071434668960846,0.75,0.75
560,0.5084263998352933,0.75,0.75
561,0.5078136422857992,0.75,0.75
562,0.5065629857955132,0.75,0.75
563,0.5072195933384118,0.75,0.75
564,0.5082672450521992,0.75,0.75
565,0.508435799347565,0.75,0.75
566,0.5069633511153794,0.75,0.75
567,0.5066207917494754,0.75,0.75
568,0.5062206848575892,0.75,0.625
569,0.507045753103109,0.71875,0.6875
570,0.5064814528520925,0.734375,0.75
571,0.5068900940239944,0.71875,0.6875
572,0.509644381038341,0.75,0.75
573,0.5062462003900499,0.75,0.6875
574,0.5069880814695753,0.765625,0.8125
575,0.5064784974464162,0.75,0.625
576,0.5079591247579917,0.71875,0.6875
577,0.5066880155682669,0.75,0.75
578,0.5055655561134599,0.71875,0.75
579,0.5052100373726445,0.703125,0.6875
580,0.5063982131948204,0.75,0.6875
581,0.5055229555881067,0.78125,0.75
582,0.5060846117298393,0.765625,0.8125
583,0.5054746920480049,0.703125,0.6875
584,0.5062142230260435,0.765625,0.75
585,0.5055552068392027,0.734375,0.75
586,0.5060933620857873,0.75,0.75
587,0.5054831823381343,0.6875,0.6875
588,0.506554500473041,0.6875,0.6875
589,0.5058803902424626,0.6875,0.75
590,0.5075414511750331,0.703125,0.6875
591,0.5058375025789431,0.71875,0.75
592,0.5082727884670746,0.6875,0.6875
593,0.5056127443510554,0.6875,0.6875
594,0.5089200479651765,0.75,0.75
595,0.5063477793687428,0.734375,0.75
596,0.5064706753525269,0.75,0.75
597,0.5053841095910181,0.75,0.75
598,0.5061560573766994,0.75,0.75
599,0.5051704165525156,0.71875,0.75
600,0.5060504260665072,0.71875,0.6875
601,0.5055192148924832,0.75,0.625
602,0.5061570538850584,0.75,0.6875
603,0.5049714100072364,0.75,0.75
604,0.5053520561383169,0.71875,0.75
605,0.5050692564235855,0.78125,0.75
606,0.5063777113732733,0.65625,0.6875
607,0.5051654566091135,0.703125,0.75
608,0.5084869445417954,0.75,0.8125
609,0.5057406160726542,0.703125,0.6875
610,0.508072302597985,0.75,0.75
611,0.5051896268410145,0.78125,0.6875
612,0.5082398990234458,0.75,0.75
613,0.5062240470870711,0.75,0.6875
614,0.5080723992110037,0.75,0.75
615,0.5049714100072364,0.75,0.75
616,0.5074829210364609,0.75,0.75
617,0.5049714100072368,0.75,0.75
618,0.5069310651606294,0.765625,0.6875
619,0.5054061614548017,0.6875,0.6875
620,0.5063789892881921,0.75,0.75
621,0.5061633367618739,0.765625,0.75
622,0.5052551396381071,0.765625,0.8125
623,0.5052953274210431,0.734375,0.75
624,0.5066055476408786,0.6875,0.6875
625,0.5057016219703644,0.71875,0.75
626,0.5067405327554138,0.703125,0.75
627,0.5051304811976522,0.765625,0.6875
628,0.5051885619231722,0.78125,0.6875
629,0.5048721049059972,0.71875,0.75
630,0.5053879681227881,0.75,0.75
631,0.5049785779834784,0.71875,0.6875
632,0.5049509433811272,0.703125,0.75
633,0.5051215258639479,0.71875,0.75
634,0.5045072843198012,0.703125,0.6875
635,0.5047440592866637,0.71875,0.75
636,0.5043699992194446,0.703125,0.6875
637,0.5052413329660888,0.765625,0.75
638,0.5047724926061329,0.71875,0.75
639,0.5044240740817008,0.71875,0.75
640,0.5046240309563041,0.6875,0.6875
641,0.5050294716247024,0.71875,0.6875
642,0.5044704780147546,0.703125,0.6875
643,0.5051347987091659,0.765625,0.8125
644,0.5044241431917742,0.75,0.75
645,0.5048121911621452,0.75,0.75
646,0.5044366931463422,0.71875,0.6875
647,0.5049352865625468,0.703125,0.6875
648,0.5044828010595193,0.75,0.75
649,0.5045463333487443,0.71875,0.75
650,0.504757077915887,0.6875,0.6875
651,0.5044948069438242,0.78125,0.6875
652,0.5044740160731819,0.703125,0.6875
653,0.5042095679825271,0.703125,0.6875
654,0.5042100342833382,0.71875,0.75
655,0.5041858956513869,0.703125,0.6875
656,0.5040284776637617,0.703125,0.6875
657,0.5048316221682351,0.75,0.8125
658,0.5040354086795347,0.703125,0.6875
659,0.5035362973998462,0.765625,0.75
660,0.5038172591925589,0.765625,0.75
661,0.5032178210597685,0.765625,0.75
662,0.5031900126376204,0.765625,0.75
663,0.5036464708079743,0.765625,0.75
664,0.5033359113237349,0.765625,0.75
665,0.5028749238579946,0.796875,0.75
666,0.5032294508126405,0.796875,0.75
667,0.5027011593373731,0.765625,0.625
668,0.5025110606172544,0.75,0.625
669,0.5028559954973888,0.71875,0.6875
670,0.5026895634514269,0.75,0.625
671,0.5027714700950073,0.703125,0.6875
672,0.502607296690895,0.75,0.6875
673,0.5027379551376543,0.71875,0.75
674,0.5025333291173769,0.734375,0.75
675,0.5027953576351628,0.796875,0.75
676,0.5026095114813718,0.765625,0.625
677,0.502751887740095,0.6875,0.6875
678,0.502514343283305,0.75,0.75
679,0.5029693614952828,0.75,0.625
680,0.5030004753260532,0.734375,0.6875
681,0.5035014287354961,0.765625,0.75
682,0.5025028235758061,0.75,0.625
683,0.5025679318262914,0.703125,0.6875
684,0.5026568468709514,0.75,0.75
685,0.5028331726834346,0.71875,0.6875
686,0.502507536319805,0.78125,0.6875
687,0.5024769522961243,0.765625,0.625
688,0.5025040882089009,0.75,0.75
689,0.5023662638049898,0.796875,0.75
690,0.5023662638049897,0.796875,0.75
691,0.5030001086650469,0.765625,0.75
692,0.5023662638049897,0.796875,0.75
693,0.5022626801093985,0.734375,0.75
694,0.5023121058867939,0.734375,0.75
695,0.5024883361806269,0.75,0.6875
696,0.5026428283777606,0.796875,0.75
697,0.5021758165407744,0.765625,0.6875
698,0.5025971936093316,0.796875,0.75
699,0.5026905346609416,0.796875,0.75
700,0.5023579847927435,0.765625,0.625
701,0.5020202359499417,0.71875,0.6875
702,0.5022395953424164,0.734375,0.6875
703,0.5028888189960115,0.75,0.75
704,0.5021564946275586,0.734375,0.8125
705,0.5023419382047336,0.78125,0.625
706,0.5023195540558969,0.71875,0.6875
707,0.5023006039353395,0.71875,0.6875
708,0.5020081269762056,0.734375,0.6875
709,0.5025392966609057,0.703125,0.6875
710,0.5022634999061467,0.765625,0.6875
711,0.5024860131475891,0.734375,0.6875
712,0.5024423161957969,0.78125,0.625
713,0.5021505445394921,0.734375,0.6875
714,0.5019383911828873,0.734375,0.6875
715,0.5027375618238594,0.71875,0.6875
716,0.5019897046108028,0.703125,0.6875
717,0.5023052542019162,0.78125,0.625
718,0.5021332289861188,0.703125,0.6875
719,0.501826291739634,0.75,0.8125
720,0.5018664438453798,0.765625,0.8125
721,0.5024413284425857,0.765625,0.8125
722,0.5019829441196069,0.765625,0.8125
723,0.50480949881897,0.75,0.75
724,0.5014385164040565,0.734375,0.6875
725,0.5011415278144076,0.78125,0.6875
726,0.5013472039112992,0.78125,0.625
727,0.5011922703377566,0.796875,0.75
728,0.5010693809906527,0.78125,0.6875
729,0.5012239737299029,0.796875,0.75
730,0.5012338095633879,0.78125,0.75
731,0.5022571719422577,0.765625,0.75
732,0.5010562106585692,0.78125,0.625
733,0.5013112501686519,0.78125,0.6875
734,0.5012028288082916,0.75,0.6875
735,0.5008713603602483,0.75,0.75
736,0.5009716031496608,0.734375,0.75
737,0.5015649806076536,0.765625,0.8125
738,0.5008634570820162,0.734375,0.75
739,0.5011155267701612,0.734375,0.6875
740,0.500800172715564,0.734375,0.6875
741,0.5017155652814486,0.765625,0.8125
742,0.5009371385162718,0.734375,0.6875
743,0.5014294326372889,0.75,0.75
744,0.5008858171012095,0.734375,0.6875
745,0.5005462605388846,0.734375,0.6875
746,0.5006726145846909,0.75,0.75
747,0.5003864414588663,0.734375,0.6875
748,0.5003248585047471,0.734375,0.75
749,0.5003523905222889,0.796875,0.75
750,0.5005422959720818,0.734375,0.75
751,0.5002297468210116,0.71875,0.6875
752,0.5003081222351448,0.765625,0.6875
753,0.5010793766774296,0.78125,0.75
754,0.5003024195138043,0.734375,0.75
755,0.5006424410097177,0.78125,0.625
756,0.500247395392828,0.75,0.6875
757,0.5012661328618462,0.796875,0.75
758,0.5002011007972476,0.75,0.6875
759,0.5006373564314099,0.765625,0.625
760,0.5002011007972474,0.75,0.6875
761,0.5000965939500723,0.75,0.8125
762,0.5000965939500721,0.75,0.8125
763,0.4998364949951879,0.78125,0.6875
764,0.4996712682960094,0.734375,0.75
765,0.4997017038549709,0.78125,0.625
766,0.49970897825918004,0.75,0.6875
767,0.5002838723648186,0.78125,0.625
768,0.499962067860627,0.78125,0.625
769,0.5001558223846221,0.75,0.6875
770,0.4998525894067981,0.734375,0.6875
771,0.49966475697543833,0.78125,0.6875
772,0.49980619046589114,0.75,0.6875
773,0.5010501733591681,0.75,0.8125
774,0.4999169625120112,0.71875,0.75
775,0.5003757336706447,0.765625,0.6875
776,0.49984792711803927,0.75,0.6875
777,0.5002080605388407,0.75,0.8125
778,0.4998807135038719,0.75,0.6875
779,0.5004026733397895,0.78125,0.75
780,0.49955981353617945,0.75,0.6875
781,0.49992894529422743,0.75,0.6875
782,0.4995852733395015,0.734375,0.625
783,0.49992554458314475,0.78125,0.75
784,0.4993675313124345,0.765625,0.6875
785,0.4995528028374451,0.734375,0.6875
786,0.4994589422440075,0.75,0.6875
787,0.4997655895487943,0.78125,0.6875
788,0.49996062972433486,0.75,0.8125
789,0.4991574833048794,0.78125,0.75
790,0.49943960077874433,0.796875,0.75
791,0.499755763640369,0.796875,0.6875
792,0.4991476779413255,0.78125,0.625
793,0.49928348940828843,0.796875,0.75
794,0.4993095637755065,0.78125,0.625
795,0.4995060958560755,0.78125,0.75
796,0.499269711234445,0.78125,0.75
797,0.4994958059555289,0.75,0.6875
798,0.4992384477016115,0.78125,0.625
799,0.49881705727840936,0.765625,0.6875
800,0.49886805570231707,0.75,0.6875
801,0.4993516380010349,0.75,0.8125
802,0.49886447537334344,0.75,0.75
803,0.4990209458319159,0.734375,0.6875
804,0.4990800315883322,0.78125,0.6875
805,0.49922450825197884,0.78125,0.6875
806,0.49892134791955234,0.75,0.6875
807,0.49920009821777633,0.75,0.625
808,0.49888745198000756,0.75,0.6875
809,0.49908102165967816,0.765625,0.6875
810,0.4988697948654277,0.765625,0.6875
811,0.49929541433452695,0.734375,0.6875
812,0.49931244783664097,0.71875,0.75
813,0.4992742930552496,0.796875,0.75
814,0.49873813227405916,0.75,0.6875
815,0.499742724990368,0.78125,0.75
816,0.49881869363719594,0.78125,0.625
817,0.4988024612527014,0.78125,0.625
818,0.4987135266340425,0.75,0.625
819,0.49912438499968276,0.796875,0.625
820,0.4987686318995524,0.734375,0.6875
821,0.4986129133907981,0.734375,0.6875
822,0.499014218308876,0.765625,0.6875
823,0.49841270534121207,0.78125,0.6875
824,0.49841270534121196,0.78125,0.6875
825,0.498733485761562,0.734375,0.75
826,0.49867325500446213,0.78125,0.625
827,0.4986404214753457,0.78125,0.6875
828,0.4984301895262914,0.75,0.625
829,0.4984627994661704,0.734375,0.6875
830,0.498686137238215,0.78125,0.6875
831,0.4986615427913631,0.765625,0.8125
832,0.4985201879551904,0.75,0.6875
833,0.49871568506495606,0.78125,0.6875
834,0.49866972915889823,0.734375,0.75
835,0.49874699357259256,0.78125,0.625
836,0.4985873849006126,0.734375,0.6875
837,0.4986541501524604,0.78125,0.6875
838,0.4985825413609091,0.75,0.6875
839,0.49875098072914226,0.765625,0.75
840,0.49859020659394193,0.765625,0.6875
841,0.4983944723231152,0.78125,0.625
842,0.49854951048190155,0.78125,0.625
843,0.49889952391907183,0.78125,0.625
844,0.49836791747375786,0.78125,0.625
845,0.498570233077123,0.75,0.6875
846,0.49845692349894727,0.78125,0.625
847,0.49880724891506245,0.78125,0.6875
848,0.4984405542745279,0.78125,0.6875
849,0.4986284937355208,0.75,0.6875
850,0.4983030699979295,0.75,0.6875
851,0.49946541627760044,0.765625,0.8125
852,0.49832683618105006,0.765625,0.6875
853,0.4989876206586733,0.75,0.6875
854,0.49873870737579873,0.734375,0.75
855,0.4984619400547766,0.78125,0.6875
856,0.49858753945557854,0.75,0.6875
857,0.49868290484042715,0.734375,0.75
858,0.49827311716309863,0.78125,0.6875
859,0.4984153028071645,0.78125,0.75
860,0.4983339211521109,0.78125,0.625
861,0.49854708159407246,0.78125,0.625
862,0.49857104169407973,0.765625,0.6875
863,0.49827533624259934,0.78125,0.6875
864,0.4984412921548655,0.734375,0.6875
865,0.49922899551976935,0.796875,0.75
866,0.49829419671588376,0.734375,0.6875
867,0.4985777349419135,0.78125,0.625
868,0.4984010368111597,0.78125,0.625
869,0.4987155476537348,0.78125,0.75
870,0.4983980216549996,0.765625,0.6875
871,0.4992523439102098,0.78125,0.75
872,0.49854972273936204,0.734375,0.6875
873,0.4985580054857652,0.78125,0.625
874,0.49838337705162883,0.75,0.6875
875,0.4991237218113057,0.734375,0.75
876,0.49826942221786164,0.75,0.6875
877,0.4987710420468817,0.78125,0.75
878,0.4983708823750543,0.75,0.6875
879,0.4983880883757921,0.78125,0.6875
880,0.4983800816063748,0.796875,0.6875
881,0.49856544685259613,0.78125,0.6875
882,0.49847456393884926,0.78125,0.625
883,0.4984751004763164,0.78125,0.6875
884,0.4984278511433025,0.75,0.625
885,0.498969333221049,0.734375,0.75
886,0.4983307204741081,0.75,0.625
887,0.49839885554310526,0.75,0.6875
888,0.4983304207848729,0.78125,0.6875
889,0.4983847936122716,0.78125,0.625
890,0.4983098497993808,0.765625,0.6875
891,0.4984659343796559,0.78125,0.625
892,0.49825042952058896,0.796875,0.6875
893,0.4985131681341618,0.75,0.6875
894,0.4982933890916127,0.8125,0.6875
895,0.49859510097878973,0.8125,0.6875
896,0.49826429433385117,0.75,0.6875
897,0.49843444814278426,0.75,0.6875
898,0.4983718532440813,0.78125,0.625
899,0.49819723633467833,0.75,0.625
900,0.49817461956959586,0.75,0.6875
901,0.4981321509012479,0.78125,0.6875
902,0.49805029527102773,0.75,0.75
903,0.498029314527376,0.765625,0.75
904,0.49831547583230423,0.75,0.75
905,0.4981948916864747,0.75,0.75
906,0.4981045150330167,0.78125,0.6875
907,0.4979907449204719,0.78125,0.6875
908,0.4984274214772535,0.75,0.8125
909,0.4980315524655861,0.765625,0.6875
910,0.49813839119994724,0.734375,0.75
911,0.49809673877491867,0.765625,0.75
912,0.49796139779677917,0.765625,0.6875
913,0.4980093032807296,0.765625,0.6875
914,0.4981010060885882,0.765625,0.75
915,0.4979729922711642,0.78125,0.6875
916,0.4979455678124112,0.765625,0.6875
917,0.4979440076761302,0.765625,0.6875
918,0.4976262176009244,0.78125,0.6875
919,0.4985732154168768,0.78125,0.75
920,0.4975515504325142,0.78125,0.625
921,0.49762937880162633,0.78125,0.625
922,0.49751968833627136,0.78125,0.625
923,0.4974880128383101,0.78125,0.625
924,0.49746456847224346,0.78125,0.625
925,0.4975835615299309,0.78125,0.75
926,0.49754202216309734,0.78125,0.625
927,0.49740821168203725,0.796875,0.6875
928,0.49735638567515755,0.78125,0.6875
929,0.4973890401359606,0.734375,0.6875
930,0.4973785454024448,0.796875,0.6875
931,0.4974650553429179,0.78125,0.625
932,0.49740506742198687,0.75,0.6875
933,0.4974529518066629,0.796875,0.6875
934,0.49746350221283653,0.796875,0.6875
935,0.49761246048093943,0.765625,0.6875
936,0.4973169053744303,0.765625,0.6875
937,0.4972630598447218,0.75,0.625
938,0.49724921984315285,0.78125,0.6875
939,0.4973668537066663,0.734375,0.6875
940,0.4972517611473649,0.796875,0.6875
941,0.4972948027059429,0.765625,0.6875
942,0.49731353268969836,0.8125,0.6875
943,0.49729393119781895,0.75,0.625
944,0.4972771587006689,0.796875,0.625
945,0.49730607647364544,0.75,0.625
946,0.4972716905647412,0.796875,0.6875
947,0.4974222707981942,0.75,0.625
948,0.4972572669005727,0.78125,0.6875
949,0.49731655551239307,0.78125,0.625
950,0.4972802276437564,0.8125,0.6875
951,0.4974244441310669,0.75,0.6875
952,0.4972790330751424,0.75,0.625
953,0.4974500466746355,0.78125,0.625
954,0.4972538972374459,0.75,0.6875
955,0.4972809607344729,0.796875,0.625
956,0.4972407545425013,0.75,0.6875
957,0.49728427783111423,0.78125,0.6875
958,0.49729209153112114,0.796875,0.6875
959,0.4972771812876396,0.75,0.625
960,0.4972597826569976,0.765625,0.6875
961,0.4973371446290306,0.78125,0.625
962,0.4972953203422986,0.796875,0.6875
963,0.4974095789239019,0.78125,0.625
964,0.4972878568710716,0.765625,0.6875
965,0.4973637395040964,0.78125,0.625
966,0.4973954376022457,0.796875,0.6875
967,0.49725286878038366,0.78125,0.6875
968,0.49715101408252305,0.734375,0.6875
969,0.49725929540047914,0.75,0.6875
970,0.49721755095164977,0.765625,0.6875
971,0.4971377413408173,0.765625,0.6875
972,0.497154077267832,0.765625,0.75
973,0.49735291886276356,0.765625,0.75
974,0.49713107132636825,0.765625,0.6875
975,0.4971976431365955,0.765625,0.6875
976,0.49714127792482476,0.765625,0.6875
977,0.4973306315077761,0.734375,0.75
978,0.49720253489789906,0.75,0.75
979,0.4972863490957456,0.75,0.75
980,0.4971691732794507,0.765625,0.6875
981,0.4967782879740267,0.796875,0.6875
982,0.4968059928398177,0.75,0.6875
983,0.4968097953113039,0.796875,0.6875
984,0.4974270210372086,0.75,0.75
985,0.4968025492166461,0.78125,0.6875
986,0.49690199303960436,0.78125,0.75
987,0.49675976541214234,0.796875,0.625
988,0.4969011953165332,0.78125,0.625
989,0.4967059349113752,0.78125,0.625
990,0.49670625713605077,0.78125,0.6875
991,0.4967318674968523,0.78125,0.6875
992,0.49684408080979475,0.78125,0.75
993,0.49670509280778574,0.78125,0.6875
994,0.4969398627625196,0.796875,0.75
995,0.49666070652945743,0.78125,0.625
996,0.4968102657744827,0.78125,0.6875
997,0.4967775891710304,0.78125,0.6875
998,0.49676685164371215,0.78125,0.625
999,0.4967413752341473,0.78125,0.6875
